GR-IDENTIFICACAO-UORG,IT-NO-UNIDADE-ORGANIZACIONAL,IT-SG-UNIDADE-ORGANIZACIONAL,IT-CO-ORGAO-SIORG,IT-CO-UORG-SIORG
26271000000001,FUNDACAO UNIVERSIDADE DE BRASILIA,UNB,000470,0000000470
26271000000002,GABINETE DA REITORIA,GRE,000470,0000024257
26271000000003,ASSIST REITORIA,MRT,000470,0000000000
26271000000004,COORDENACAO DE CERIMONIAL,GRE/CERI,000470,0000245710
26271000000005,SECRET CERIMONIAL GAB REITOR,MRT,000470,0000000000
26271000000006,LABORATORIO DE ESTUDOS DO FUTURO,MRT,000470,0000000000
26271000000008,GERENCIA EXPED RECEBIM CORRESPONDENCIAS,SCA,000470,0000000000
26271000000009,GERENCIA PROCESSOS E ATENDIMENTO PUBLICO,SCA,000470,0000000000
26271000000010,VICE-REITORIA,VRT,000470,0000245711
26271000000011,ASSESSORIA DA VICE-REITORIA,VRT/ASSES,000470,0000000000
26271000000012,ASSIST VICE-REITORIA/SUBSTITUTOS,VRT,000470,0000000000
26271000000013,ASSIST VICE-REITORIA/AFASTAMENTOS,VRT,000470,0000000000
26271000000014,PROCURADORIA FEDERAL JUNTO A UNB,PJU,000470,0000024235
26271000000015,COORDENACAO DE CONSULTIVO,PJU/CONS,000470,0000069148
26271000000016,SECRET PROCURADORIA JURIDICA,PJU,000470,0000000000
26271000000017,AUDITORIA,AUD,000470,0000024236
26271000000018,ASSIST AUDITORIA,AUD,000470,0000000000
26271000000019,SECRET AUDITORIA,AUD,000470,0000000000
26271000000020,SECRETARIA DOS ORGAOS COLEGIADOS,GRE/SOC,000470,0000242850
26271000000021,SECRET CONSELHO UNIVERSITARIO,SOC,000470,0000000000
26271000000022,SECRET CONSELHO ADMINISTRACAO,SOC,000470,0000000000
26271000000023,SECRET CEPE/SOC,SOC,000470,0000000000
26271000000024,PREFEITURA DA UNB,PRC,000470,0000024258
26271000000026,SETOR ATIVIDADES AUXILIARES,CAA/PRC,000470,0000000000
26271000000027,COORD OPERAÇOES,CAA/PRC,000470,0000000000
26271000000030,COORD ORCAMENTARIA,CAA/PRC,000470,0000000000
26271000000031,DIRETORIA DE ADMINISTRACAO E ESTRATEGIA,PRC/DIRAE,000470,0000043185
26271000000032,DIRETORIA DE MANUTENCAO PREDIAL,INFRA/DIMA,000470,0000043187
26271000000039,SETOR MANUTENCAO PREDIAL,COM/DENA,000470,0000000000
26271000000046,DIRET GESTAO AMBIENTAL,DGA/PRC,000470,0000000000
26271000000048,SECAO MUDANCAS,CZE/DGA,000470,0000000000
26271000000049,SECAO MANUTENCAO ICC,CZE/DGA,000470,0000000000
26271000000050,SECAO MANUTENCAO REITORIA,CZE/DGA,000470,0000000000
26271000000052,DIRETORIA DE SEGURANCA,PRC/DISEG,000470,0000257768
26271000000053,COORDENACAO DE GESTAO DE TRANSPORTES,DIMAT/COTR,000470,0000043199
26271000000058,SUPERVISAO SEGURANCA,CPP/DTS,000470,0000000000
26271000000061,CENTRAL DE INFORMACOES,DTS/PRC,000470,0000000000
26271000000062,SECRET DIRET ENGENHARIA E ARQUITETURA,DENA/PRC,000470,0000000000
26271000000063,SECRET DAS COORD DIRET ENGENH E ARQUITET,DENA/PRC,000470,0000000000
26271000000064,DECANATO DE ENSINO DE GRADUACAO,DEG,000470,0000024230
26271000000065,ASSIST DECANATO / DEG,DEG,000470,0000000000
26271000000066,SECRET DECANATO ENSINO GRADUAÇÃO,DEG,000470,0000000000
26271000000067,DIR. DE ACOMP. E INTEG. ACADEMICA,DEG/DAIA,000470,0000071634
26271000000068,SECRET APOIO CAMARA ENSINO GRADUACAO,CEG/DEG,000470,0000000000
26271000000070,"COORD DE CURSOS, CURRICULOS E OFERTAS",SAA/CCC,000470,0000043326
26271000000071,COORD SIST ORIENT UNIVERSITARIA,DEG,000470,0000000000
26271000000072,DEG-COORDENADOR ACADEMICO-ADMINISTRATIVO,COORD/DEG,000470,0000000000
26271000000074,SECRETARIA DE ADMINISTRACAO ACADEMICA,SAA,000470,0000024264
26271000000075,COORDENACAO DE GRADUACAO,SAA/CGR,000470,0000043322
26271000000076,POSTO AVANCADO DIURNO,SAA/PA-DIU,000470,0000000000
26271000000077,POSTO AVANCADO NOTURNO,SAA/PA-NOT,000470,0000000000
26271000000078,COORD DE REGISTRO E EMISSAO DE DIPLOMAS,SAA/CRDC,000470,0000043324
26271000000079,SERVICO DE ARQUIVO SAA,SAA/ARQ,000470,0000000000
26271000000080,COORD DE ORIENT E SUPERVISAO DAS UNIDAD,SAA/COS,000470,0000043321
26271000000081,POSTO AVANCADO SAA NOTURNO,SOS/SAA,000470,0000000000
26271000000082,POSTO AVANCADO SAA IE/IL,SOS/SAA,000470,0000000000
26271000000083,POSTO AVANCADO SAA FT,SOS/PA-FT,000470,0000000000
26271000000084,POSTO AVANCADO SAA FCE,SOS/SAA,000470,0000000000
26271000000085,POSTO AVANCADO SAA BSAN,SOS/BSAN,000470,0000000000
26271000000086,POSTO AVANCADO SAA IB/IP,SOS/SAA,000470,0000000000
26271000000087,UNIDADE SAA NA FE,COS/FE,000470,0000000000
26271000000088,UNIDADE SAA NA FS,COS/FS,000470,0000000000
26271000000089,UNIDADE SAA NA FT,COS/FT,000470,0000000000
26271000000090,COORDENACAO DE POS-GRADUACAO,SAA/CRPG,000470,0000043323
26271000000091,SECRET DA SEC. ADMINISTRACAO ACADEMICA,SAA,000470,0000000000
26271000000092,DECANATO EXTENSAO / DEX,DEX,000470,0000024232
26271000000093,ASSIST DECANATO / DEX,DEX,000470,0000000000
26271000000094,SECRET DECANATO EXTENSAO,DEX,000470,0000000000
26271000000098,SECRET CASA CULTURA AMERICA LATINA,CCAL,000470,0000000000
26271000000100,COORD PLANEJ E DIVULGACAO,IFC/DEX,000470,0000000000
26271000000101,COORD CURSOS EXTENSAO,IFC/DEX,000470,0000000000
26271000000102,DIRET TECNICA DE EXTENSAO,DTE/DEX,000470,0000024265
26271000000104,DECANATO DE POS GRADUACAO / DPG,DPG,000470,0000024231
26271000000105,ASSIST DECANATO / DPP,DPP,000470,0000000000
26271000000106,ASSIST AVALIACAO E CONTROLE,DPP,000470,0000000000
26271000000109,SECRETARIA DO DPP,DAP/DPP,000470,0000000000
26271000000111,ASSIST INFORMACAO E DIVULGACAO,CPG/DPP,000470,0000000000
26271000000112,ASSIST GESTAO E PLANEJAMENTO,CPG/DPP,000470,0000000000
26271000000113,DIRETORIA DE APOIO A PROJETOS ACADEMICOS,DPI/DPA,000470,0000240960
26271000000114,DECANATO ASSUNTOS COMUNITARIOS / DAC,DAC,000470,0000024233
26271000000115,ASSIST DECANATO / DAC,DAC,000470,0000000000
26271000000116,SECRET DECANATO ASSUNTOS COMUNITARIOS,DAC,000470,0000000000
26271000000117,DIRET DESENVOLVIMENTO SOCIAL,DAC/DDS,000470,0000024268
26271000000119,COORDENACAO GERAL DE MORADIA ESTUDANTIL,DDS/COGEM,000470,0000043312
26271000000122,SECRET DIRET DESENVOL SOCIAL,DDS/DAC,000470,0000000000
26271000000123,"DIRET ESPORTES, ARTES E CULTURA",DEA/DAC,000470,0000000000
26271000000126,SECRET DIRET APOIO DESPORTO,DEA/DAC,000470,0000000000
26271000000127,DECANATO DE ADMINISTRACAO,DAF,000470,0000024234
26271000000128,DIRETORIA DE ORCAMENTO,DOR/DPO,000470,0000024270
26271000000129,DIRETORIA DE PLANEJAMENTO,DPO/DPL,000470,0000240943
26271000000130,SERV ACOMPANHAMENTO ORÇAMENTARIO,DOR/DAF,000470,0000000000
26271000000131,ASSIST DECANATO/PLANEJAMENTO / DAF,DOR/DAF,000470,0000000000
26271000000132,ASSIST DECANATO/ACOMPANHAMENTO / DAF,DOR/DAF,000470,0000000000
26271000000136,CANCELADA SEC DE GESTAO PATRIMONIAL,SGP,000470,0000000000
26271000000138,COORD TECNICA SECRET EMPREENDIMENTOS,EMP,000470,0000000000
26271000000139,DIRET CONTABILIDADE E FINANCAS,DAF/DCF,000470,0000024278
26271000000146,SECRET DIRET ORCAMENTO FINANCAS,DCF/DAF,000470,0000000000
26271000000147,COORDENADORIA DE LICITACOES,DCO/COL,000470,0000241041
26271000000148,COORDENADORIA DE COMPRAS,DCO/CCO,000470,0000043292
26271000000149,COORDENADORIA DO ALMOXARIFADO CENTRAL,DGM/ALM,000470,0000043294
26271000000587,COORD ADMINIST ESTAÇÃO EXPERIMENTAL BIOL,IBD/CAEEB,000470,0000000000
26271000000151,COORDENADORIA DE PATRIMONIO,DGM/PAT,000470,0000043290
26271000000152,ESCRITORIO REPRESENTACAO SAO PAULO,ER/DRM/DAF,000470,0000000000
26271000000153,COORD APOIO TECN PAVILHAO A TEIXEIRA,DRM/DAF,000470,0000000000
26271000000154,COORD APOIO TECN PAVILHAO J CALMON,DRM/DAF,000470,0000000000
26271000000157,NUCLEO DE TECNOLOGIA DA INFORMACAO,FAC/NTI,000470,0000000000
26271000000158,SECRETARIA DE COMUNICACAO,GRE/SECOM,000470,0000024252
26271000000159,ASSIST EDITORACAO,ACS,000470,0000000000
26271000000160,SECRET DEPTO DE SOCIOLOGIA,SOL,000470,0000000000
26271000000161,ASSES ESTUDOS PARA O FUTURO,AEF,000470,0000000000
26271000000163,SECRET CENTRO DE PLANEJAMENTO,CEPLAN,000470,0000000000
26271000000164,SECRETARIA DE ASSUNTOS INTERNACIONAIS,INT,000470,0000024255
26271000000165,ASSIST ASSES ASSUNTOS INTERNACIONAIS,INT,000470,0000000000
26271000000166,SECRET ASSES ASSUNTOS INTERNACIONAIS,INT,000470,0000000000
26271000000167,SECRET GERAL DA REITORIA,SGR/MRT,000470,0000000000
26271000000171,SECRET DA SECRET PLANEJAMENTO,SPL,000470,0000000000
26271000000172,SECRETARIA DE RECURSOS HUMANOS,SRH,000470,0001100000
26271000000173,NÚCLEO PLANEJ APOIO TÉCN SECRET REC HUM,NUPLAT/SRH,000470,0000000000
26271000000174,COORD LEGISLAÇÃO ANÁLISE PROCESSOS,CLAP/SRH,000470,0000000000
26271000000177,BANCO DE SERV. TEC. CEDIDOS/AFASTADOS,CEDIDO/UNB,000470,0000000000
26271000000182,COORD ADMINISTRATIVA SECRET REC HUMANOS,COAD/SRH,000470,0000000000
26271000000185,GERÊNCIA INGRESSO E MOVIMENTAÇÃO,GIMOV/SRH,000470,0000000000
26271000000186,GERÊNCIA DESEMPENHO FUNCIONAL,GED/SRH,000470,0000000000
26271000000187,SECRET EMPREENDIMENTOS,EMP,000470,0000000000
26271000000188,BIBLIOTECA CENTRAL,BCE,000470,0000016201
26271000000189,COORD DE ADMINISTRACAO E ORCAMENTO,BCE/ADM,000470,0000024854
26271000000190,SETOR CONSERVACAO E RESTAURACAO,FDA/RES,000470,0000241169
26271000000191,COORD DE FORMACAO E DESENVOLV DE ACERVO,BCE/FDA,000470,0000024863
26271000000193,SETOR DE RECOLOCACAO,AUS/REC,000470,0000201280
26271000000195,SETOR DE SELECAO E AQUISICAO,FDA/SEL,000470,0000024861
26271000000196,COORD DE ATENDIMENTO AOS USUARIOS,BCE/AUS,000470,0000024853
26271000000199,SETOR DE COLECOES ESPECIAIS,FDA/COLESP,000470,0000024859
26271000000200,SETOR DE REFERENCIA,AUS/REF,000470,0000024866
26271000000201,SETOR DE ATENDIMENTO NOTURNO,AUS/NOT,000470,0000024860
26271000000202,SECRETARIA DE TECNOLOGIA DA INFORMACAO,STI,000470,0000016202
26271000000203,COORDENADORIA DE GESTAO E PLANEJAMENTO,STI/CGESP,000470,0000257589
26271000000204,DIRETORIA DE OPERACOES E SERVICOS,STI/DOS,000470,0000257596
26271000000205,DIRETORIA DE SISTEMAS DA INFORMACAO,STI/DSI,000470,0000257591
26271000000206,CENTRO DE INFORMATICA - CANCELADA,CPD,000470,0000000000
26271000000207,SERV. DE SISTEMAS DE INFORMACAO,CPD,000470,0000000000
26271000000208,EDITORA UNIVERSIDADE DE BRASILIA,EDU,000470,0000016203
26271000000215,ASSIST EDITORA,AST/EDU,000470,0000000000
26271000000216,FAZENDA AGUA LIMPA,FAL,000470,0000016204
26271000000217,ASSIST FAZENDA ÁGUA LIMPA,AST/FAL,000470,0000000000
26271000000218,SECRET ADMINIST CENTRO DE PLANEJAMENTO,SADM/CPL,000470,0000000000
26271000000219,SUPERVISÃO DE LABORATÓRIOS,LAB/FAL,000470,0000000000
26271000000220,HOSP-HOSPITAL UNIVERSITARIO DE BRASILIA,HUB,000470,0000000000
26271000000223,HOSP-ALMOX. DE MATERIAL MEDICO,HUB/AMM,000470,0000000000
26271000000224,HOSP-DIRET-ADJUNTA ENSINO E PESQUISA,HUB/DAEP,000470,0000000000
26271000000228,HOSP-DIRET-ADJUNTA SERVIÇOS ASSISTENCIAI,HUB/DASA,000470,0000000000
26271000000230,HOSP-DIVISAO DE CUSTOS E PLANEJAMENTO,HUB/DASA,000470,0000000000
26271000000239,HOSP-GER ADM CENTRO ALTA COMPLEXIDADE,HUB/DASA,000470,0000000000
26271000000242,HOSP-CENTRO PROGRAMAS ESPECIAIS,HUB/DASA,000470,0000000000
26271000000243,HOSP-CENTRO CLÍNICAS MÉDICAS,HUB/DASA,000470,0000000000
26271000000047,DIRETORIA DE SERVICOS GERAIS,PRC/DISER,000470,0000000000
26271000000278,SECRETARIO DO DEPARTAMENTO DE NUTRICAO,SEC/FSD,000470,0000000000
26271000000279,CENTRO EXCELENCIA EM TURISMO,CET,000470,0000043254
26271000000280,CENTRO INTERNACIONAL DE FISICA,IF/CIF,000470,0000241119
26271000000281,CENTRO INTEGRADO ORDENAMENTO TERRITORIAL,CIORD,000470,0000000000
26271000000282,DIRET MANUTENCAO REPAROS E TRANSPORTES,PRC/DIMAT,000470,0000024728
26271000000286,RADIO E TELEVISAO UNIVERSITARIAS,UNBTV,000470,0000024727
26271000000287,CENTRO SELECAO E PROMOCAO DE EVENTOS,CESPE,000470,0000024730
26271000000288,FAC ECO ADMIN CONTAB GEST POL PUBLICAS,FACE,000470,0000016199
26271000000289,COORD EXTENSAO/FACE,FACE,000470,0000000000
26271000000290,ASSISTENTE DA FACE,FACE,000470,0000000000
26271000000291,SECRETARIO DA FACE,FACE,000470,0000000000
26271000000292,DEPTO ADMINISTRACAO,FACE/ADM,000470,0000024385
26271000000296,SECRET DEPTO ADMINISTRAÇÃO DIURNO,ADM,000470,0000000000
26271000000297,SECRET DEPTO ADMINISTRAÇÃO NOTURNO,ADM,000470,0000000000
26271000000298,DEPTO CIENCIAS CONTABEIS ATUARIAIS,FACE/CCA,000470,0000024387
26271000000300,SECRET DEPTO CIÊNCIAS CONTÁB ATUARIAIS D,CCA,000470,0000000000
26271000000301,DRU/ENCARREGADO DE COCCAO DE ALIMENTOS,DRU,000470,0000000000
26271000000303,COORD CURSO GRAD CIÊNCIAS INF DOCUM,DIC,000470,0000000000
26271000000306,SECRET DEPTO CIÊNCIAS INFORM DOCUMENT DI,CID,000470,0000000000
26271000000307,SECRET DEPTO CIÊNCIAS INFORM DOCUMENT NO,CID,000470,0000000000
26271000000308,FAC COMUNICACAO,FAC,000470,0000016197
26271000000309,ASSIST FAC COMUNICAÇÃO,FAC,000470,0000000000
26271000000310,DEPTO DE COMUNICACAO ORGANIZACIONAL,FAC/COM,000470,0000256822
26271000000312,COORD EXTENSÃO/FAC,FAC,000470,0000000000
26271000000313,SECRET FAC COMUNICACAO,FAC,000470,0000000000
26271000000314,SECRET CURSO GRAD FAC COMUNICAÇÃO,FAC,000470,0000000000
26271000000316,DEPTO AUDIOVISUAIS E PUBLICIDADE,FAC/DAP,000470,0000024384
26271000000317,DEPTO JORNALISMO,FAC/JOR,000470,0000024383
26271000000318,FAC ARQUITETURA E URBANISMO,FAU,000470,0000016189
26271000000319,ASSIST FAC ARQUITETURA E URBANISMO,FAU,000470,0000000000
26271000000320,SECRET FAC ARQUITETURA E URBANISMO,FAU,000470,0000000000
26271000000321,SECRET CURSO GRADUAÇÃO ARQUIT URBANISMO,FAU,000470,0000000000
26271000000324,COORD EXTENSÃO/FAU,FAU,000470,0000000000
26271000000325,DEPTO PROJETOS EXPRES REPRES ARQ E URBAN,FAU/PRO,000470,0000024376
26271000000326,DEPTO TECNOLOGIA ARQUITETURA URBANISMO,FAU/TEC,000470,0000024377
26271000000327,DEPTO TEORIA HISTORIA ARQUIT E URBANISM,FAU/THAU,000470,0000024378
26271000000328,FAC AGRONOMIA E MEDICINA VETERINARIA,FAV,000470,0000024473
26271000000329,ASSIST FAC AGRONOMIA E MED VETERINÁRIA,FAV,000470,0000000000
26271000000334,SECRET FAC AGRONOMIA E MED VETERINARIA,FAV/SEC,000470,0000000000
26271000000335,FAC DIREITO,FD,000470,0000024554
26271000000336,ASSIST FAC DIREITO,FDD,000470,0000000000
26271000000341,COORD EXTENSÃO/FDD,FDD,000470,0000000000
26271000000342,SECRET FAC DIREITO,FD/SEC,000470,0000000000
26271000000343,SECRET CURSO GRAD DIREITO,FDD,000470,0000000000
26271000000344,SECRET ESCRIT MODELO JURÍDICO GRAD DIURN,FDD,000470,0000000000
26271000000345,SECRET ESCRIT MODELO JURÍDICO GRAD NOTUR,FDD,000470,0000000000
26271000000346,FAC EDUCACAO,FE,000470,0000016198
26271000000347,ASSIST FAC EDUCAÇÃO,FED,000470,0000000000
26271000000351,COORD EXTENSÃO/FED,FED,000470,0000000000
26271000000352,SECRET FAC EDUCACAO,FE/SEC,000470,0000000000
26271000000353,SECRET CURSO GRAD EDUCAÇÃO DIURNO,FED,000470,0000000000
26271000000354,SECRET CURSO GRAD EDUCAÇÃO NOTURNO,FED,000470,0000000000
26271000000355,DEPTO METODOS E TECNICAS,FE/MTC,000470,0000024381
26271000000356,DEPTO POLIT PUBL E GESTAO DA EDUCACAO,FE/PGE,000470,0000024382
26271000000357,DEPARTAMENTO DE TEORIAS E FUNDAMENTOS,FE/TEF,000470,0000024380
26271000000358,FAC EDUCACAO FISICA,FEF,000470,0000024556
26271000000359,ASSIST FAC EDUCAÇÃO FÍSICA,FEF,000470,0000000000
26271000000360,SECRET FAC EDUCACAO FISICA,FEF/SEC,000470,0000000000
26271000000362,COORD APOIO TÉCNICO FAC EDUCAÇÃO FÍSICA,FEF,000470,0000000000
26271000000365,CENTRO OLIMPICO,FEF/CO,000470,0000256950
26271000000366,CHEFE DA UNID. DESCENTRALIZADA DA FEF,FEF,000470,0000000000
26271000000367,FAC MEDICINA,FM,000470,0000061623
26271000000368,ASSIST FAC MEDICINA,FMD,000470,0000000000
26271000000372,COORD CURSO POS-GRAD MEDICINA TROPICAL,FMD,000470,0000000000
26271000000373,SECRET FAC MEDICINA,FM/SEC,000470,0000000000
26271000000375,FAC CIENCIAS DA SAUDE,FS,000470,0000016193
26271000000376,ASSIST FAC CIÊNCIAS DA SAÚDE,FSD,000470,0000000000
26271000000377,COORD BIOTÉRIO CENTRAL FAC CIÊN SAÚDE,FSD,000470,0000000000
26271000000378,SECRET FAC CIÊNCIAS DA SAÚDE,FSD,000470,0000000000
26271000000379,SECRET APOIO DIDÁTICO FAC CIÊNCIAS SAÚDE,FSD,000470,0000000000
26271000000380,SECRET CURSO PÓS-GRAD CIÊNCIAS SAÚDE,FSD,000470,0000000000
26271000000382,SECRET CURSO GRAD FAC CIÊNCIAS SAÚDE,FSD,000470,0000000000
26271000000384,COORD CURSO GRAD CIÊNCIAS FARMACÊUTICAS,FSD,000470,0000000000
26271000000385,DEPTO SAUDE COLETIVA,FS/DSC,000470,0000043244
26271000000386,SECRET DEPTO SAÚDE COLETIVA,DSC,000470,0000000000
26271000000387,DEPTO ENFERMAGEM,FS/ENF,000470,0000043242
26271000000388,COORD CURSO GRAD ENFERMAGEM,ENF,000470,0000000000
26271000000389,DEPTO NUTRICAO,FS/NUT,000470,0000043241
26271000000392,DEPTO ODONTOLOGIA,FS/ODT,000470,0000043243
26271000000394,FAC TECNOLOGIA,FT,000470,0000016200
26271000000395,ASSIST FAC TECNOLOGIA,FTD,000470,0000000000
26271000000396,SECRET FAC TECNOLOGIA,FT/SEC,000470,0000000000
26271000000398,DEPTO ENGENHARIA FLORESTAL,FT/EFL,000470,0000024477
26271000000399,SECRET DEPTO ENG FLORESTAL,EFL,000470,0000000000
26271000000401,COORD CURSO PÓS-GRAD CIÊNC AMBIENT FLORE,EFL,000470,0000000000
26271000000402,DEPTO ENGENHARIA CIVIL E AMBIENTAL,FT/ENC,000470,0000024474
26271000000408,DEPTO ENGENHARIA ELETRICA,FT/ENE,000470,0000024475
26271000000409,SECRET DEPTO ENG ELÉTRICA,ENE,000470,0000000000
26271000000414,DEPARTAMENTO DE ENGENHARIA MECANICA,FT/ENM,000470,0000024476
26271000000415,SECRET DEPTO ENG MECÂNICA,ENM,000470,0000000000
26271000000420,INST CIENCIAS BIOLOGICAS,IBD,000470,0000016169
26271000000421,ASSIST INST CIÊNCIAS BIOLÓGICAS,IBD,000470,0000000000
26271000000422,SECRET INST CIÊNCIAS BIOLÓGICAS,IBD,000470,0000000000
26271000000423,SECRET CURSO GRAD CIÊNCIAS BIOLÓGICAS,IBD,000470,0000000000
26271000000425,COORD CURSO GRAD CIENCIAS BIOLOGICAS NOT,IBD,000470,0000000000
26271000000427,DEPTO BOTANICA,IB/BOT,000470,0000024292
26271000000429,DEPTO BIOLOGIA CELULAR,IB/CEL,000470,0000024283
26271000000431,DEPTO CIENCIAS FISIOLOGICAS,IB/CFS,000470,0000024287
26271000000432,DEPTO ECOLOGIA,IB/ECL,000470,0000024290
26271000000434,DEPTO FITOPATOLOGIA,IB/FIT,000470,0000024291
26271000000436,DEPTO GENETICA E MORFOLOGIA,IB/GEM,000470,0000024288
26271000000437,DEPTO ZOOLOGIA,IB/ZOO,000470,0000024294
26271000000438,INST CIENCIAS SOCIAIS,ICS,000470,0000024510
26271000000439,ASSIST INST CIÊNCIAS SOCIAIS,ICS,000470,0000000000
26271000000440,SECRET INST CIÊNCIAS SOCIAIS,ICS,000470,0000000000
26271000000442,SECRET CURSO GRAD CIÊNCIAS SOCIAIS,ICS,000470,0000000000
26271000000444,DEPARTAMENTO DE ESTUDOS LATINO AMERICANO,ICS/ELA,000470,0000024549
26271000000445,SECRET CEPPAC,CEPPAC,000470,0000000000
26271000000446,DEPTO ANTROPOLOGIA,ICS/DAN,000470,0000024548
26271000000448,DEPARTAMENTO DE SOCIOLOGIA,ICS/SOL,000470,0000024547
26271000000450,INST ARTES,IDA,000470,0000016110
26271000000451,ASSIST INST ARTES,IDA,000470,0000000000
26271000000452,SECRET INST ARTES,IDA,000470,0000000000
26271000000454,SECRET CURSO GRAD ARTES NOTURNO,IDA,000470,0000000000
26271000000455,COORD EXTENSÃO/IdA,IDA,000470,0000000000
26271000000456,"COORD CENTRO DOCUM, ACERVOS E DIVULGAÇÃO",IDA,000470,0000000000
26271000000457,DEPTO ARTES CENICAS,IDA/CEN,000470,0000016115
26271000000459,SECRET DEPTO ARTES CÊNICAS,CEN,000470,0000000000
26271000000460,DEPTO MUSICA,IDA/MUS,000470,0000016116
26271000000462,SECRET DEPTO MÚSICA,MUS,000470,0000000000
26271000000463,DEPTO ARTES VISUAIS,IDA/VIS,000470,0000016113
26271000000464,SECRET DEPTO ARTES VISUAIS,VIS,000470,0000000000
26271000000469,INST CIENCIAS EXATAS,IED,000470,0000016173
26271000000470,ASSIST INST CIÊNCIAS EXATAS,IED,000470,0000000000
26271000000471,SECRET INST CIÊNCIAS EXATAS,IED,000470,0000000000
26271000000472,COORD EXTENSÃO/IED,IED,000470,0000000000
26271000000473,DEPTO CIENCIAS DA COMPUTACAO,IE/CIC,000470,0000024305
26271000000474,SECRET DEPTO CIÊNCIA DA COMPUTAÇÃO,CIC,000470,0000000000
26271000000475,SECRET CURSO GRAD CIENCIAS COMPUT NOTURN,CIC,000470,0000000000
26271000000479,DEPTO ESTATISTICA,IE/EST,000470,0000024303
26271000000480,SECRET DEPTO ESTATÍSTICA,EST,000470,0000000000
26271000000483,DEPTO MATEMATICA,IE/MAT,000470,0000024298
26271000000484,SECRET DEPTO MATEMÁTICA,MAT,000470,0000000000
26271000000487,SECRET CURSO GRAD MATEMÁTICA NOTURNO,MAT,000470,0000000000
26271000000489,INSTITUTO DE FISICA,IFD,000470,0000067710
26271000000490,ASSIST INST FÍSICA,IFD,000470,0000000000
26271000000491,SECRET INST FÍSICA,IFD,000470,0000000000
26271000000493,CHEFE DO ARQUIVO / DCF,DCF,000470,0000000000
26271000000498,INST GEOCIENCIAS,IGD,000470,0000016175
26271000000499,SECRET INST GEOCIÊNCIAS,IGD,000470,0000000000
26271000000501,SECRET CURSO GRAD GEOCIÊNCIAS,IGD,000470,0000000000
26271000000503,COORD EXTENSÃO/IGD,IGD,000470,0000000000
26271000000507,OBSERVATORIO SISMOLOGICO,IG/SIS,000470,0000024336
26271000000508,SECRET OBSERVATÓRIO SISMOLÓGICO,SIS,000470,0000000000
26271000000509,INST CIENCIAS HUMANAS,ICH,000470,0000016174
26271000000510,ASSIST INST CIÊNCIAS HUMANAS,IHD,000470,0000000000
26271000000511,SECRET INST CIÊNCIAS HUMANAS,IHD,000470,0000000000
26271000000513,DEPTO ECONOMIA,FACE/ECO,000470,0000024313
26271000000515,COORD CURSO POS-GRAD ECONOMIA,ECO,000470,0000000000
26271000000516,SECRET DEPTO ECONOMIA,ECO,000470,0000000000
26271000000517,DEPTO FILOSOFIA,ICH/FIL,000470,0000024331
26271000000518,SECRET DEPTO FILOSOFIA,FIL,000470,0000000000
26271000000520,DEPTO GEOGRAFIA,ICH/GEA,000470,0000024332
26271000000521,SECRET DEPTO GEOGRAFIA,GEA,000470,0000000000
26271000000524,DEPTO HISTORIA,ICH/HIS,000470,0000024333
26271000000525,SECRET DEPTO HISTÓRIA,HIS,000470,0000000000
26271000000526,COORD CURSO GRAD HISTORIA,HIS,000470,0000000000
26271000000528,DEPTO SERVICO SOCIAL,ICH/SER,000470,0000024330
26271000000529,SECRET DEPTO SERVIÇO SOCIAL,SER,000470,0000000000
26271000000532,INSTITUTO DE LETRAS,ILD,000470,0000016179
26271000000533,ASSIST INST LETRAS,ILD,000470,0000000000
26271000000534,SECRETARIA DO INSTITUTO DE LETRAS,IL/SEC,000470,0000000000
26271000000537,SECRET CURSO LETRAS NOTURNO,ILD,000470,0000000000
26271000000539,DEPTO LINGUAS ESTRANGEIRAS E TRADUCAO,IL/LET,000470,0000024363
26271000000540,SECRET DEPTO LINGUAS ESTRANG E TRADUCAO,LET,000470,0000000000
26271000000542,COORD CURSO PÓS-GRAD LÍNGUAS ESTR TRADUÇ,LET,000470,0000000000
26271000000543,"DEPTO LINGUISTICA, PORT. LING. CLASSICAS",IL/LIP,000470,0000024337
26271000000545,DEPTO TEORIA LITERARIA E LITERATURA,IL/TEL,000470,0000024359
26271000000547,ENCARREGADO DE SERVICOS GERAIS - TEL,TEL,000470,0000000000
26271000000548,INST PSICOLOGIA,IP,000470,0000016182
26271000000550,ASSIST INST PSICOLOGIA,IP,000470,0000000000
26271000000551,COORD CURSO GRAD PSICOLOGIA,IP,000470,0000000000
26271000000552,SECRETARIA DO INSTITUTO DE PSICOLOGIA,IP/SEC,000470,0000000000
26271000000555,CENTRO ATENDIM ESTUDOS PSICOLOGICOS,IP/CAEP,000470,0000043252
26271000000556,SECRET CENTRO ATEND ESTUDOS PSICOLÓGICOS,CAEP,000470,0000000000
26271000000557,DEPTO PSICOLOGIA CLINICA,IP/PCL,000470,0000024370
26271000000558,DEPTO PSICOLOGIA ESCOLAR DESENVOLVIMENTO,IP/PED,000470,0000024369
26271000000559,DEPTO PROCESSOS PSICOLOGICOS BASICOS,IP/PPB,000470,0000024368
26271000000560,SUPERVISÃO DE LABORATÓRIOS,PPB,000470,0000000000
26271000000561,DEPTO PSICOLOGIA SOCIAL E DO TRABALHO,IP/PST,000470,0000024371
26271000000562,INST CIÊNCIA POLÍTICA RELAÇÕES INTERNAC,IPR,000470,0000000000
26271000000563,ASSIST INST CIÊNCIA POLÍT REL INTERNAC,IPR,000470,0000000000
26271000000564,SECRET INST CIÊNCIA POLÍT REL INTERNAC,IPR,000470,0000000000
26271000000566,DEPTO CIÊNCIA POLÍTICA,POL,000470,0000000000
26271000000567,SECRET DEPTO CIÊNCIA POLÍTICA,POL,000470,0000000000
26271000000570,DEPTO RELACOES INTERNACIONAIS,REL,000470,0000000000
26271000000571,SECRET DEPTO RELAÇÕES INTERNACIONAIS,REL,000470,0000000000
26271000000574,INST QUIMICA,IQD,000470,0000043253
26271000000575,SECRETARIA DO INSTITUTO DE QUÍMICA,IQ/SEC,000470,0000000000
26271000000578,DRU/ENCARREGADO DE COCCAO DE ALIMENTOS,DRU,000470,0000000000
26271000000580,BANCO DE PESSOAS À ESPERA DE LOTAÇÃO,PARA/LOTAR,000470,0000000000
26271000000581,APOSENTADOS,APOSENTADO,000470,0000000000
26271000000582,PENSAO FEDERAL,PENSAO/FED,000470,0000000000
26271000000583,CEDIDOS À PRESIDÊNCIA DA REPÚBLICA,CEDIDOS/PR,000470,0000000000
26271000000584,CEDIDOS - EM GERAL,CEDIDOS,000470,0000000000
26271000000585,SECRETARIA DE PATRIMONIO IMOBILIARIO,SPI,000470,0000024256
26271000000586,DIRET RESTAURANTE UNIVERSITARIO,DAC/DRU,000470,0000201271
26271000000247,COORD ADMIN ESTACAO EXPERIMENTAL DE BIOL,IBD/CAEEB,000470,0000000000
26271000000248,HOSP-CENTRO ALTA COMPLEXIDADE ONCOLOGIA,HUB/DASA,000470,0000000000
26271000000249,HOSP-DIRET-ADJUNTO EXECUTIVO,HUB/DAE,000470,0000000000
26271000000254,HOSP-DIV SERVICO SOCIAL,HUB/DAAA,000470,0000000000
26271000000257,HOSPITAL DA UNIVERSIDADE DE BRASILIA,HUB/UNB,000470,0000016205
26271000000258,HOSP-CENTRO APOIO AO SERVIDOR,HUB/DAAA,000470,0000000000
26271000000261,CENTRO DESENVOLVIMENTO SUSTENTAVEL,CDS,000470,0000024892
26271000000263,SECRET CENTRO DESENVOL SUSTENTAVEL,CDS/SEC,000470,0000000000
26271000000264,CENTRO DE APOIO AO DESENV TECNOLOGICO,DPI/CDT,000470,0000024886
26271000000265,ASSIST CENTRO DESENVOLV TECNOLÓGICO,CDT,000470,0000000000
26271000000266,COORD PROJETOS,CDT/PROJ,000470,0000000000
26271000000267,CENTRO DE EDUCACAO A DISTANCIA,CEAD,000470,0000024887
26271000000269,DIRET NÚCLEO UnB VIRTUAL,CEAD,000470,0000000000
26271000000270,COORDENACAO ACADEMICA DO CEAD,CEAD/CAC,000470,0000244831
26271000000271,CENTRO ESTUDOS AVANCADOS MULTIDISCIPLIN,CEAM,000470,0000024729
26271000000272,SECRET CENTRO ESTUDOS AVANÇADOS MULTIDIS,CEAM/SEC,000470,0000000000
26271000000274,SERV MICROFILMAGEM,COGED/MICR,000470,0000000000
26271000000275,COORD DA GRAFICA DO VIS,COORD/VIS,000470,0000000000
26271000000276,CENTRO FORMACAO REC HUMANOS EM TRANSPORT,FT/CEFTRU,000470,0000024890
26271000000596,CENTRO REF. CONS. NATU. RECUP. A. DEGRAD,CRAD,000470,0000000000
26271000000591,DEPARTAMENTO DE DESIGN,IDA/DIN,000470,0000241194
26271000000601,CENTRO EST. AVANC. GOVERNO ADMIN PUBLICA,CEAG,000470,0000000000
26271000000602,CENTRO POL. DIR. ECON. E TECNO. CIMUNIC.,CCOM/FAC,000470,0000000000
26271000000603,PROGRAMA DE POS-GRAD. EM ADMINITRACAO,PPGA,000470,0000256406
26271000000592,FACULDADE DE PLANALTINA,FUP,000470,0000093614
26271000000588,INSTITUTO DE CIENCIA POLITICA,IPOL,000470,0000024551
26271000000589,INSTITUTO DE RELACOES INTERNACIONAIS,IREL,000470,0000024552
26271000000600,CENTRO PESQ. APLIC. BAMBU FIBRAS NATURAI,CPAB,000470,0000000000
26271000000597,FAC DE CIENCIAS E TECNOLOGIAS EM SAUDE,FCTS,000470,0000093612
26271000000598,FAC CIENCIAS E TECNOLOGIAS EM ENGENHARIA,FCTE,000470,0000093613
26271000000605,FACULDADE DE CIENCIA DA INFORMACAO,FCI,000470,0000024386
26271000000606,DECANATO DE GESTAO DE PESSOAS,DGP,000470,0000117978
26271000000607,"DECANATO DE PLANEJAMENTO,ORCAMENTO E AVA",DPO,000470,0000117979
26271000000608,CENTRO UNB CERRADO,CER,000470,0000115820
26271000000656,DEPARTAMENTO DE FARMACIA,FS/FAR,000470,0000241147
26271000000647,GABINETE DO DECANATO DE GESTAO DE PESSOA,GAB/DGP,000470,0000241150
26271000000648,COORDENADORIA DE CONTROLE INTERNO,ASCOL/CI,000470,0000240970
26271000000651,COORDENADORIA DE ARQUIVOS FUNCIONAIS,COARQ/ASCO,000470,0000240971
26271000000652,COORDENADORIA DE SAUDE OCUPACIONAL,CSO/DGP,000470,0000241003
26271000000653,COORDENADORIA DE ORIENTACAO A LEGISLACAO,COLEP/ASCO,000470,0000240973
26271000000657,DIRETORIA DE PROCESSOS ORGANIZACIONAIS,DPR/DPO,000470,0000240940
26271000000658,DIRETORIA DE AVALIACAO E INFORMACOES GER,DAI/DPO,000470,0000240941
26271000000659,SECRETARIA DE INFRAESTRUTURA,INFRA,000470,0000241053
26271000000660,DIRETORIA DE IMPORTACAO E EXPORTACAO,DAF/DIMEX,000470,0000043293
26271000000661,UORGS CANCELADAS NO SISTEMA,EXTINTAS,000470,0000000000
26271000000662,ASSESS DE ACOMP E MEDIACAO DE CONDUTA,GRE/AAMC,000470,0000241040
26271000000663,OUVIDORIA UNB,GRE/OUV,000470,0000201274
26271000000664,COORD DE ESTRAT AMBIENTAIS SUSTENTAVEIS,CEAS/GRE,000470,0000000000
26271000000665,COORDENACAO DE LICITACOES,DIRAD/COOL,000470,0000257741
26271000000666,COORD DE GESTAO DOS ESPACOS COMUNS,DIRAE/COGE,000470,0000257745
26271000000667,COORDENACAO DE ALMOXARIFADO,DIRAD/CALM,000470,0000043363
26271000000668,COORDENACAO GERAL DE ADMINISTRACAO,DIRAE/COAD,000470,0000089008
26271000000669,GERENCIA DOS ESPACOS DE USO COMUM,DIRAE/GEC,000470,0000043198
26271000000671,APOIO ADMINISTRATIVO,ACE/APOIO,000470,0000241174
26271000000672,COORDENACAO DE ARQUIVO PERMANENTE,ACE/COAP,000470,0000241104
26271000000673,COORDENACAO DE GESTAO DE DOCUMENTOS,ACE/COGED,000470,0000201273
26271000000674,COORDENACAO DE PROTOCOLO,ACE/COP,000470,0000241103
26271000000675,"ASSES DO DECANATO DE PLANEJ,ORCAM E AVAL",DPO/ASSESS,000470,0000240966
26271000000676,COORD. DE AVALIACAO INSTITUCIONAL,DAI/CAI,000470,0000240945
26271000000677,COORD. DE ESTATISTICAS INSTITUCIONAIS,DAI/CEI,000470,0000240947
26271000000678,COORD. DE ACOMPANHAMENTO ORCAMENTARIO,DOR/CAOR,000470,0000240948
26271000000679,COORD. DE PROGRAMACAO ORCAMENTARIA,DOR/CPOR,000470,0000240952
26271000000680,COORD. DE PLAN. E APOIO A GOVERNANCA,DPL/CPAG,000470,0000240957
26271000000681,COORD. DE APOIO A INT. E GESTAO DE RISCO,DPL/CAIGR,000470,0000240955
26271000000682,COORD. DE ESTRUTURA ORGANIZACIONAL,DPR/CES,000470,0000240958
26271000000683,COORD DE GERENCIAMENTO DE PROCESSOS,DPR/CGP,000470,0000240962
26271000000684,"SECRET DO DECANATO DE PLANEJ,ORCA E AVAL",DPO/SEC,000470,0000240967
26271000000685,COORD. DE MANUTENCAO E INSTALACOES,DIMAP/CMI,000470,0000257767
26271000000686,COORD. DE MANUTENCAO PREDIAL,DIMAP/CMP,000470,0000257766
26271000000687,COORD. DE ADEQUACOES E REFORMAS,DIMAP/CAR,000470,0000257764
26271000000688,COORDENACAO DE PAISAGISMO E DEDETIZACAO,DIRAE/COPS,000470,0000089013
26271000000689,COORDENACAO DE CONSERVACAO E LIMPEZA,DIRAE/COCL,000470,0000262192
26271000000690,COORDENADORIA DE CONTROLE DE VIAGENS,DACP/CCV,000470,0000043299
26271000000691,COORD DE ACOMPANHAMENTO DE GESTAO DO HUB,ASC/CGHUB,000470,0000241093
26271000000692,COORD. DE ANALISE E INSTRUCAO PROCESSUAL,DCO/CAIP,000470,0000241045
26271000000693,COORD. DE CONTRATOS ADMINISTRATIVOS,DCO/CCONT,000470,0000000000
26271000000694,"COORDENADORIA DE TRANSPARENCIA, GESTAO F",DCF/CTGC,000470,0000043300
26271000000695,COORDENADORIA DE LIQUIDACAO DA DESPESA,DCF/CLD,000470,0000241009
26271000000696,COORDENADORIA DE EXECUCAO FINANCEIRA,DCF/CEF,000470,0000043298
26271000000697,COORDENADORIA DE EMPENHO,DCF/CEO,000470,0000043297
26271000000698,COORDENADORIA DE PRESTACAO DE CONTAS DE,DCF/CPC,000470,0000043295
26271000000699,COORDENADORIA DE INSTRUCAO CONTABIL E FI,DCF/CIC,000470,0000257675
26271000000700,COORDENADORIA DE CONTRATOS DE GESTAO,DCA/CGT,000470,0000241031
26271000000701,DIVISAO DE DESPACHO ADUANEIRO,CCE/DDA,000470,0000241054
26271000000702,COORDENADORIA DE COMERCIO EXTERIOR,DIMEX/CCE,000470,0000241056
26271000000703,COORD DE CONTRATOS SERVICOS SOB DEMANDA,DCA/CSD,000470,0000241084
26271000000704,COORD DE CONTRATOS ESPECIAIS,DCA/CES,000470,0000241096
26271000000705,COORD. DE GESTAO ORCAMENTARIA,DEG/CGO,000470,0000241006
26271000000706,DIRETORIA TECNICA DE GRADUACAO,DEG/DTG,000470,0000241012
26271000000707,COORD. DE INTEGRACAO DAS LICENCIATURAS,DAPLI/CIL,000470,0000241016
26271000000708,COORD. DE ACOMPANHAMENTO DO ENSINO DE GR,DTG/CAEG,000470,0000241015
26271000000709,DIRET DE INOVACAO NO ENSINO DE GRADU,DEG/DIEG,000470,0000240984
26271000000710,COORD. DE ACOMPANHAMENTO ACADEMICO,DAIA/CAA,000470,0000257515
26271000000711,COMISSAO DE ACOMPANHAMENTO E ORIENTACAO,DAIA/CAO,000470,0000000000
26271000000712,COORD. DE ESTAGIOS DA GRADUACAO,DAIA/CESG,000470,0000071635
26271000000713,COORD. DE PROJETOS E EVENTOS INSTITUCION,DIEG/CPE,000470,0000240990
26271000000715,COORD DE ANAL TEC E ACOMP DE ACOES DE EX,DTE/CAPEX,000470,0000043327
26271000000716,COORD. DE EVEN. PLANEJ. E AVAL. DA EXT,DTE/CEPAE,000470,0000043329
26271000000717,COORD. EST. DE ACOES E PUBL. DE EXT,DDIS/CEAPE,000470,0000034834
26271000000718,COORD. EST. DE FORM. E ART. SOCIAL,DDIS/CEFAS,000470,0000038730
26271000000719,DIRETORIA DE DIFUSAO CULTURAL,DEX/DDC,000470,0000024266
26271000000720,COORD. DAS CASAS UNIVERSITAR DE CULTURA,DDC/CCUC,000470,0000037517
26271000000721,SECRETARIA ADMINISTRATIVA DO DEX,DEX/SEC,000470,0000240981
26271000000722,DIRETORIA DE ACESSIBILIDADE,DAC/DACES,000470,0000043256
26271000000611,SECRETARIA DE DIREITOS HUMANOS,SDH,000470,0000240950
26271000000612,DIRETORIA DE COMPRAS,DAF/DCO,000470,0000024277
26271000000613,DIRETORIA DE GESTAO DE MATERIAIS,DAF/DGM,000470,0000241078
26271000000614,ARQUIVO CENTRAL/DIRECAO,ACE,000470,0000201272
26271000000615,DIRETORIA DE CONTRATOS ADMINISTRATIVOS,DAF/DCA,000470,0000241029
26271000000616,DIRETORIA DE OBRAS,INFRA/DOB,000470,0000241058
26271000000617,DEPTO ENGENHARIA DE PRODUCAO,FT/EPR,000470,0000256212
26271000000618,ASSESSORIA DO DECANTO DE GESTAO DE PESSO,DGP/ASCOL,000470,0000240963
26271000000619,COORDENADORIA DE ESTUDOS EM GESTAO DE PE,CODE/DCADE,000470,0000240979
26271000000621,DIRETORIA DE ADMINISTRACAO DE PESSOAS,DAP/DGP,000470,0000240944
26271000000622,DIRETORIA ACOMPANHAMENTO E MOVIMENTACAO,DPAM/DGP,000470,0000240951
26271000000623,"DIRETORIA CAPACITACAO,DESENVOLVIMENTO E",DCADE/DGP,000470,0000240946
26271000000624,"DIRETORIA DE SAUDE, SEGURANCA E QUALIDAD",DSQVT/DGP,000470,0000240954
26271000000626,COORD. DE REGISTRO E CONTROLE FUNCIONAL,DAP/COREF,000470,0000240976
26271000000627,COORDENADORIA DE APOSENTADORIA E PENSAO,DAP/COAPO,000470,0000240977
26271000000628,COORDENADORIA DE OPERACOES FINANCEIRAS,DAP/COFIN,000470,0000240978
26271000000629,COORDENADORIA DE ATENDIMENTO,ASCOL/COAT,000470,0000240968
26271000000630,COORDENADORIA DE PROVIMENTO (DOCENTES),CPROV/DGP,000470,0000240988
26271000000631,COORD.DE PLAN E ALOCACAO DE PESSOAL TECN,CPAP/DGP,000470,0000240991
26271000000632,COORD. DE ACOMPANHAMENTO E MOVIMENTACAO,CAM/DGP,000470,0000240993
26271000000633,COORDENADORIA DE ESTAGIO,COEST/DGP,000470,0000240995
26271000000634,COORDENADORIA DE CAPACITACAO/PROCAP,PROCAP/DGP,000470,0000240980
26271000000635,COORDENADORIA DE GESTAO DE DESEMPENHO,COGED/DGP,000470,0000240982
26271000000636,COOD. DE ACOMPANHAMENTO DA CARREIRA,CAC/DGP,000470,0000240983
26271000000638,COORD. DE PERICIA OFICIAL EM SAUDE,CPOS/DGP,000470,0000241000
26271000000639,COORD. DE ENGENHARIA E SEGURANCA NO TRAB,CEST/DGP,000470,0000241001
26271000000654,DECANATO DE PESQUISA E INOVACAO,DPI,000470,0000240939
26271000000655,DIRETORIA DE PESQUISA,DPI/DIRPE,000470,0000043331
26271000000644,CENTRO DE PLANEJAMENTO OSCAR NIEMEYER,CEPLAN,000470,0000241057
26271000000645,DIRET. DE DESENV. E INTEG. SOCIAL,DEX/DDIS,000470,0000024267
26271000000646,DEPARTAMENTO DE GESTAO DE POLITICAS PUBL,FACE/GPP,000470,0000035393
26271000000723,PARQUE CIENTIFICO TECNOLOGICO DA UNB,PCTEC/UNB,000470,0000241043
26271000000724,COORD DE GESTAO DE ATIVIDADES DE GRADUAC,DTG/CGAT,000470,0000257491
26271000000725,COORD. DE INOVACAO E PROJETOS,DIEG/CIP,000470,0000000000
26271000000726,COORD. DE LOGISTICA E INFRAESTRUTURA,DIEG/CLIE,000470,0000000000
26271000000727,COORD. DE INFORMACAO E COMUNICACAO,DEG/CIC,000470,0000000000
26271000000730,COORD DE ORGANIZACOES COMUNITARIAS,DEAC/COC,000470,0000257262
26271000000732,COORD DA ARTE E CULTURA COMUNITARIA,DEAC/COAC,000470,0000043317
26271000000733,DIRET DE ESPORTE E ATIV COMUNITARIAS,DAC/DEAC,000470,0000024269
26271000000734,COORD DE ESPORTE E LAZER,DEAC/CEL,000470,0000043316
26271000000736,COORDENACAO DE ASSISTENCIA ESTUDANTIL,DDS/COAE,000470,0000043311
26271000000738,COORDENACAO NEGRA,SDH/COQUEN,000470,0000240953
26271000000739,COORDENACAO INDIGENA,SDH/COQUEI,000470,0000240956
26271000000740,COORDENACAO LGBTQIA+,SDH/CODSEX,000470,0000240959
26271000000741,COORDENACAO DAS MULHERES,SDH/CODIM,000470,0000240961
26271000000742,COORD DE GESTAO ADMINISTRATIVA,DRU/CGA,000470,0000043381
26271000000743,COORD DE PROMOCAO A ALIMENTACAO,DRU/CPA,000470,0000043380
26271000000750,SECRETARIA ADMINISTRATIVA,SA,000470,0000240975
26271000000751,DIV DE ACOMP DAS AQUISICOES E REGI PRECO,CCO/DARP,000470,0000241036
26271000000752,DIVISAO DE APURACAO DE SANCAO A FORNECED,CCO/DASF,000470,0000241038
26271000000754,PREGOEIROS E EQUIPE DE APOIO,COL/PREAP,000470,0000000000
26271000000757,SECRETARIA DA DIRETORIA DE COMPRAS,DCO/SEC,000470,0000000000
26271000000760,SECRETARIA ADMINISTRATIVA,DAF/SEC,000470,0000241085
26271000000761,SETOR DE COMPRAS,ADM/COM,000470,0000241148
26271000000762,SETOR DE ADMIN PREDIAL E PATRIMONIAL,ADM/PRED,000470,0000024855
26271000000763,SETOR DE ORGANIZACAO DA INFORMACAO,FDA/SOI,000470,0000241170
26271000000764,SETOR DE EMPRESTIMOS,AUS/EMP,000470,0000241171
26271000000765,COORD DE GESTAO DA INFORMACAO DIGITAL,BCE/GID,000470,0000241191
26271000000772,DIVISAO AQUISICOES E CONTRATACOES DE TI,DACTIC,000470,0000257625
26271000000773,COORDENADORIA DE SERVICOS ESPECIALIZADOS,DOS/CSE,000470,0000257660
26271000000774,COORDENADORIA DE REDES E INFRAESTRUTURA,DOS/CRI,000470,0000257656
26271000000775,DIVISAO DE ATENDIMENTO AO USUARIO,DOS/DAU,000470,0000257631
26271000000776,COORDENADORIA DE DATACENTER,DOS/CDC,000470,0000257634
26271000000777,COORDENADORIA DE SEGURANCA DA INFORMACAO,DOS/CSI,000470,0000257649
26271000000778,COORD DE SISTEMAS ACADEMICOS,DSI/ACAD,000470,0000257678
26271000000779,COORD DE SISTEMAS ADMINISTRATIVOS,DSI/ADM,000470,0000257681
26271000000780,COORD DE ESTRATEGIA DE DADOS,DSI/CED,000470,0000257671
26271000000781,COORD SUSTENT E ARQUITETURA DE SISTEMAS,DSI/ARQ,000470,0000257673
26271000000782,COORDENADORIA DE SITES CORPORATIVOS,DSI/SITES,000470,0000257666
26271000000783,ASSESSORIA DO DAF,DAF/ASS,000470,0000241087
26271000000784,DIRETORIA DE ANALISE E CONFORMIDADE PROC,DAF/DACP,000470,0000043291
26271000000789,DIRETORIA DE FOMENTO A INIC. CIENTIFICA,DPG/DIRIC,000470,0000038729
26271000000790,DIRETORIA DE POS GRADUACAO,DPG/DIRPG,000470,0000034603
26271000000791,COORDENACAO DE CURSOS LATO SENSU,DIRPG/CCLS,000470,0000257530
26271000000792,COORD DE INFRA E GRUPOS DE PESQUISA,DIRPE/CIGP,000470,0000257465
26271000000793,COORD DE APOIO A PROJETOS ACADEMICOS,DPA/CPROJ,000470,0000257458
26271000000794,COORD ADMINISTRATIVA DA EDITORA UNB,EDU/ADM,000470,0000000000
26271000000805,SEC DA FAC DE ARQUITETURA E URBANISMO,FAU/SEC,000470,0000000000
26271000000807,HOSPITAL VETERINARIO,FAV/HVET,000470,0000257354
26271000000811,SEC DA FAC DE CIENCIAS DA INFORMACAO,FCI/SEC,000470,0000000000
26271000000812,SEC DE ADMINISTRACAO ACADEMICA FGA,FGA/SAA,000470,0000000000
26271000000813,SEC DE GRAD EM ENGENHARIA FGA,FGA/SEC,000470,0000000000
26271000000821,SEC DO DEPTO DE ENGENHARIA MECANICA,FT/ENM/SEC,000470,0000000000
26271000000828,SECRETARIA INSTITUTO DE CIENCIAS HUMANAS,ICH/SEC,000470,0000000000
26271000000831,SECRETARIA ADMINISTRATIVA DA PJU,PJU/SEC,000470,0000241086
26271000000833,COORDENACAO DE SEGURANCA,PRC/COSEG,000470,0000257770
26271000000834,GERENCIA DE MANUTENCAO DE VEICULOS,COTR/GMV,000470,0000257762
26271000000838,COMISSAO DE ETICA DA UNB,GRE/ETICA,000470,0000000000
26271000000840,COORD C S POR POSTOS DE TRABALHO D.E,DCA/CDE,000470,0000241076
26271000000841,DIVISAO DE CONTRATACAO DE SERVICOS,CDE/DCDE,000470,0000257709
26271000000842,DIVISAO GESTAO E CONTROLE DA F SERVICOS,CDE/DGDE,000470,0000257711
26271000000843,DIVISAO DE PENALIZACAO EM CONT SERVICOS,CDE/DPDE,000470,0000257715
26271000000848,SECRETARIA ADMINISTRATIVA DA DCA,DCA/SEC,000470,0000000000
26271000000849,DIRET ATENCAO A SAUDE DA COMUNIDADE UNIV,DAC/DASU,000470,0000068273
26271000000850,COORD ARTICULACAO DA COMUNIDAD EDUCATIVA,COEDUCA,000470,0000257266
26271000000851,COORD ART DE REDES PARA PREV E PROMOCAO,COREDES,000470,0000257271
26271000000852,COORD DE ATENCAO PSICOSSOCIAL,COAP,000470,0000240998
26271000000853,SECRETARIA DE MEIO AMBIENTE,SEMA,000470,0000245692
26271000000862,COORD DE TEC DA INFORM E COMUNICACAO,CEAD/CTIC,000470,0000244830
26271000000863,SETOR DE AVALIACAO E DESFAZIMENTO,FDA/DES,000470,0000000000
26271000000864,SETOR DE BIBLIOTECAS DIGITAIS,GID/SBD,000470,0000000000
26271000000865,SETOR DE PUBLICACOES ELETRONICAS,GID/SPE,000470,0000000000
26271000000866,SETOR DE DIGITALIZACAO,GID/SED,000470,0000000000
26271000000867,COORD DE PLANEJAMENTO E COMUNICACAO,BCE/PCOM,000470,0000257389
26271000000869,COORDENACAO CONDOMINIAL,SPI/CAC,000470,0000068511
26271000000870,COORDENACAO DE MANUTENCAO PREDIAL,SPI/CMP,000470,0000257431
26271000000871,COORDENACAO DE ADMINISTRACAO DE IMOVEIS,SPI/CAI,000470,0000043376
26271000000872,COORDENACAO DE MERCADO IMOBILIARIO,SPI/CMI,000470,0000257440
26271000000873,COORDENACAO DE COBRANCA E CONTROLE,SPI/COB,000470,0000043375
26271000000874,GABINETE DO PREFEITO,PRC/GAB,000470,0000262190
26271000000875,COORDENACAO EXECUTIVA E ADMINISTRATIVA,DIMAT/COEA,000470,0000257749
26271000000876,COORDENACAO DE MANUTENCAO DE EQUIPAMENTO,DIMAT/CMEQ,000470,0000257757
26271000000877,COORDENACAO DE MANUTENCAO BASICA,PRC/DIMAT/,000470,0000257759
26271000000878,GERENCIA DE APOIO ADMINISTRATIVO,COSE/GAA,000470,0000257769
26271000000879,COORDENACAO DO CONTENCIOSO,PJU/CONT,000470,0000068713
26271000000880,COORDENACAO ASSUNTOS ESTRATEGICOS E PRIO,PJU/CAEEP,000470,0000043077
26271000000881,ASSESSORIA DE COMUNICACAO INSTITUCIONAL,ASCOM,000470,0000262196
26271000000882,COORD ASSESS E APOIO A GOVERNANCA DE TIC,CATI,000470,0000257623
26271000000883,NUCLEO DE ADMINISTRACAO E CAPACITACAO,ADMCAP,000470,0000257618
26271000000884,NUCLEO ADMINISTRATIVO,ADM,000470,0000257614
26271000000885,CONSELHO UNIVERSITARIO,CONSUNI-UN,000470,0000006159
26271000000886,CONSELHO DE ADMINISTRACAO,CA-UNB,000470,0000024262
26271000000887,"CONSELHO DE ENSINO, PESQUISA E EXTENSAO",CEPE-UNB,000470,0000006162
26271000000888,CAMPUS GAMA,CG,000470,0000210085
26271000000889,CAMPUS CEILANDIA,CC,000470,0000210079
26271000000890,CAMPUS PLANALTINA,CP,000470,0000210087
26271000000891,CONSELHO COMUNITARIO,CCOMUNITAR,000470,0000006274
26271000000892,CONSELHO DIRETOR,CD-UNB,000470,0000034669
26271000000893,COORDENACAO ADMINISTRATIVA,COAD,000470,0000043310
26271000000894,SERVICO DE INFORMACAO AO CIDADAO,SIC,000470,0000256884
26271000000895,COORDENACAO DE FOMENTO E INTERNACIONALIZ,DIRPG/CFPG,000470,0000257542
26271000000896,COORDENAA A O DE CURSOS STRICTO SENSU,DIRPG/CCSS,000470,0000257514
26271000000897,COORDENACAO ATENCAO E VIGILANCIA SAUDE,COAVS,000470,0000269155
26271000000898,DIRETORIA DE PLAN. ACOMP. PEDAGOGICO,DEG/DAPLI,000470,0000271772
26271000000899,COORD PROJETOS ESPECIAIS LICENCIATURA,DAPLI/CPLI,000470,0000271791
26271000000900,COORDENACAO DE PROCESSOS SELETIVOS,DIEG/CPS,000470,0000271790
26271000000901,COORDENACAO DE POS-PRODUCAO DA UNBTV,UNBTV/CPG,000470,0000273778
26271000000902,ASSESSORIA DE COMUNICACAO INSTITUCIONAL,ASCOM,000470,0000000000
26271000000903,COORDENADORIA DE CONTROLE PROCESSUAL,DACP/CCP,000470,0000280129
26271000000904,CENTRO INTER DE BIOETICA DE HUMANIDADES,CIBH,000470,0000000000
26271000000905,DIVISAO DE APOIO DIRECAO FGA,DIVGAMA,000470,0000282026
26271000000906,COORD LABORATORIOS E NUCLEOS GRADUACAO,CLNG,000470,0000282027
26271000000907,SECRETARIA ADMINISTRATIVA DO DAF,DAF/SEC,000470,0000287227
26271000000908,COORDENACAO DE PRODUCAO DE CONTEUDO,CPC,000470,0000293185
26271000000909,COORDENACAO DE COMUNICACAO INSTITUCIONAL,CCI,000470,0000293187
26271000000910,COORDENACAO DE COMUNICACAO VISUAL,CCV,000470,0000293186
26271000000911,"COORDENACAO CIENCIA, TECNOL E INOVACAO",PCTEC/CCTI,000470,0000297243
26271000000912,"COORD EVENTOS, PROSPECCAO E PARCERIAS",PCTEC/CEPP,000470,0000297242
26271000000913,COORDENACAO FINANCEIRA,EDU/FIN,000470,0000297531
26271000000914,COORDENACAO DE ALMOXARIFADO,EDU/ALMOX,000470,0000297535
26271000000915,COORDENACAO DE PRODUCAO EDITORIAL,EDU/PRD,000470,0000297534
26271000000916,COORDENACAO COMERCIAL,EDU/COM,000470,0000297529
26271000000917,AUDITORIA ADJUNTA,AUD/ADJ,000470,0000297615
26271000000918,COORDENACAO ADMINISTRATIVA,INFRA/CADM,000470,0000298491
26271000000919,ASSESSORIA ADMINISTRATIVA GRE,GRE/ADM,000470,0000298112
26271000000920,ASSESSORIA DE ANALISE PROCESSUAL GRE,GRE/AAP,000470,0000298114
26271000000921,ASSES PARCERIAS E ACORDOS COOPERACAO GRE,GRE/APAC,000470,0000298113
26271000000922,ASSES DE COMUNICACAO INSTITUCIONAL GRE,GRE/ASCOM,000470,0000298111
26271000000923,ASSESSORIA DA SAA,SAA/ASE,000470,0000296530
26271000000924,GERENCIA DE PROJETOS,INFRA/CEPL,000470,0000298495
26271000000925,GERENCIA DE FISCALIZACAO,INFRA/DOB/,000470,0000298496
26271000000926,GERENCIA DE SUPORTE,PRC/DIMAT/,000470,0000298067
26271000000927,GERENCIA DE CONTROLE E PRODUCAO,PRC/DIRAE/,000470,0000298069
26271000000928,GERENCIA PLANEJAMENTO E GESTAO DE RISCOS,PRC/DIRAE/,000470,0000298068
26271000000929,GERENCIA DE PRODUCAO,DIMAT/GPR,000470,0000298071
26271000000930,GERENCIA NUCLEOS ADMINISTRACAO PREDIAL,PRC/DIRAE/,000470,0000298070
26271000000931,ARQUIVO DA SAA,SAA/ASE/AR,000470,0000296531
26271000000932,ASSESSORIA PLAN E ACOMP FINANCEIRO,DPG/APAF,000470,0000299998
26271000000933,SECRETARIA EXECUTIVA DO DPG,DPG/SEC,000470,0000299999
26271000000934,COORDENACAO PEDAGOGICA,DTG/CP,000470,0000308248
26271000000935,DIRECAO-ADJUNTA,BCE/ADJ,000470,0000310384
26271000000936,DIVISAO DE ATENDIMENTO HUB,ASCOL/COAT,000470,0000317546
26271000000937,COORDENACAO EXECUTIVA DO DEG,DTG/COEX,000470,0000318837
26271000000938,"DIV RECOLHIMENTO, REDIST E MUDANCA",DGM/PAT/DR,000470,0000318937
26271000000939,CENTRO INTERNACIONAL DE FISICA,IF/CIF,000470,0000319481
26271000000940,SECRETARIA ADMINISTRATIVA,DPI/SEC-AD,000470,0000339603
26271000000941,ASSESSORIA,DPI/ASS,000470,0000339963
26271000000942,COORDENACAO DE PROJETOS DE PESQUISA,DIRPE/CPPQ,000470,0000339663
26271000000943,SECRETARIA ADMINISTRATIVA,DPI/CDT/SE,000470,0000339923
26271000000944,COORDENACAO DE EMPREENDEDORISMO E DESENV,DPI/CDT/CE,000470,0000339783
26271000000945,COORDENACAO DE APOIO AS ATIVIDADES EM TE,DPI/CDT/CA,000470,0000339703
26271000000946,COORDENACAO DE INOVACAO E TRANSF DE TECN,DPI/CDT/CI,000470,0000339763
26271000000947,"ASSESSORIA DE INOVACAO, PESQ E PROJETOS",CEAD/ASS,000470,0000352751
26271000000948,COORDENACAO ADMINISTRATIVA,EDU/COADM,000470,0000388929
26271000000949,DIRETORIA DE PROJETOS ESTRATEGICOS,DIPE,000470,0000414849
26271000000950,DIRETORIA GESTAO PATRIMONIO IMOBILIARIO,DIGEP,000470,0000414830
26271000000951,ASSESSORIA PATRIMONIAL E APOIO ADMIN,APA,000470,0000415569
26271000000952,COORDENACAO ADMINISTRATIVA,CEAD/CAD,000470,0000419489
26271000000953,ASSESSORIA DE COMUNICACAO INST DE LETRAS,ASCIL,000470,0000421951
